address,balance,address_type
0x015a0138Ecc957859853908Ad455647BD33e635B,1120.0908167289988,EOA
0x94546A26842A971DAdCD00233665D4e2B46AEd2D,22.092638716814466,EOA
0x10222B3Cea8Ab138B5A853719f12a95f0661BE65,0.0,EOA
0x17fB4db24b8f1817bc33d6e167b105FD77599C28,380.0,EOA
0x98A49433E94958BcA321a62195994de39FE8b928,0.0,EOA
0xddfED789386e29f26C784C4F78E79126B8Be6a2f,0.0,EOA
0x24cE8F09d728260CcABF618a8427eB2b5204762a,0.0,EOA
0xf2491AbfD62f9977fE24142d71D1902cc2C0073e,0.0,EOA
0xC4FC57Dedd2463314A3fD2DBadB86B4404C257e5,0.0,EOA
0x3A90117fBADfC94A65FDBB45493C51AAF4cDEA27,135.68284978386484,EOA
0x0CC1a1958fc33475C03267fc7481E13ab6B5fDB1,0.310258675594654,EOA
0xA56C079a3c3182bCf483cAE5547bAc62C7f112ab,0.0,EOA
0x15908755294b0D0f2B3dCDb8EC49DaDa77bF4410,0.0,EOA
0x8BDaDf862f6b1EFE7ADD0d77DBc3C7F42d3232Fc,50.08670387861324,EOA
0x5B50Da6d3C183C489c972Fcc24453E1968410535,0.0,EOA
0xdc453E01c0E2E0E5d36545E70ff38342ed65ab0d,1527.7102292939828,EOA
0xCc20c08FBD9106AF040134426410cE16861d6eea,0.0,EOA
0x851F6741ff92Ce56cB52E745AE6809Ddf4097c2B,0.0,EOA
0xc6C8AeCb1d9cA59A09d691cDa8539992655dbfB3,0.0,EOA
0x30280AB7d110E6F79e270BEea6011b09ee0Fc77a,0.0,EOA
0x030f8e7B0D737a97a36F8ef3eC422037034B6022,1762.9642494194438,EOA
0xde4F90fc7287fBE2D205D6505EfFf36255945E5e,500.0,EOA
0x2D82e73751FDE6fc396363907Bf0FB6071176e04,350.0,EOA
0xBCcaAAf7d493FEbb7593c127D3BcC3612cB8E37A,0.0,EOA
0x924dcDCa42E7FCd0258C5a4a2333Aa9d86E79Ea4,0.0,EOA
0xe5Fae1A033AD8cb1355E8F19811380AfD15B8bBa,10824.273994623874,EOA
0xA252bd92293B0eb9BEB1C2cF72F794F8a3a54348,0.0,EOA
0x5Ed83b447Bd66FabE29762042Df9763f7A405De4,86.18666626937234,EOA
0xdbbFa2631908fF8D1e578EB7F04D30fBf320E8Cb,0.0,EOA
0xaB84Ce5F59aCc2d2ce345c2B71bcCAba48C6e998,0.0,EOA
0x8693A9C24c380C94fa1FaB9d5DF68401a312bd0a,0.0,EOA
0x758a15D4c972d54314eCE9D6701D086fE2C5e757,1619.0650505930498,EOA
0x5CefF7C8fcfBe18B06cF212d5371996AAd3fBA60,0.0,EOA
0x5180A03dCA43fa1100dF4b055acADd8e0A3394Dc,0.0,EOA
0xe65c56a11FD4E155B9471d1c65Ef6fAD0DB61E92,0.0,CONTRACT
0xF6C069961D3860D89862CFa1A9dbC5c199faD613,0.0,EOA
0xa3D7493106D8DA40f4934EEb9359B79241536571,0.0,EOA
0xd13dD61c8595F756092C9Bca3CE372fB5cee480D,0.0,EOA
0x0F5654E1e648754a02bcB2048EBFca255a857307,4.093161210217788,EOA
0xa7D39EFEa5E84CDED80a3795C11a5C7279F7FBd7,0.0,EOA
0xb1876a605aECc1FD88707817BdA5235ee23e62BF,1138.0431482987808,EOA
0xc3f4CDf5a8792E083F39C6614AD38941F4633Bb6,0.0,EOA
0x5DdE89Ae15D6186cC8C65298E6975C28Ddd7375e,215171.76196389223,EOA
0x7BfECdd93c50D59904ED6D564A327b82830Ae767,0.0,EOA
0xD2962f558E539B80Aabcb6cfBBF1750bE2aD9337,11.144577013534759,EOA
0x44b498A3e19e72d14bbD429eA1F82ff7d98dD31a,0.0,EOA
0xfed9A61B8201A81FAd634fbD7b208a750100C611,0.0,EOA
0xfa79458667dbC4FeedA6Aa6CdBa90C32C582Ca74,0.0,CONTRACT
0x54c9cB3AC40EF11C56565e8490e7C3b4b17582AF,0.0,EOA
0x226Fa898550EF48313d359d90F69914018a89F73,0.0,EOA
0x0CF57CC0104C3eBbb7Ea83BE0A0a86E803194542,592.0744531649278,EOA
0x29048E0468140a82b3f6043E6dA99Be496169E12,0.0,EOA
0xB29de9cA75CA627B73872516EE9E6e0a280b0aCA,391.33763437033883,EOA
0x6F6830BA0571887fE2B5Ce0bE27814Fffc4029DA,0.0,EOA
0xa41449434688A52cB604BB30B3588838C71Ad795,30.429834057883923,EOA
0xE97496666fa6DD141b32dEdB59ADDf2A8ADe8b2b,157.10251493363384,EOA
0xD66fa7a53803E34fAd9A0eCbd52111E93d0B3542,5.121797376687534,EOA
0xE8415aCbef52f35E06590aBed9DE87Cc42313972,0.0,EOA
0xdB02db34221f6116A993B4a70cEFe28b9aFF379B,20.681901829962925,EOA
0x7238c7a870ccFC79A15D5Bb647940BBff7199F00,1545.5528031666163,EOA
0xb5C443bc3C15003D85EC77f526D1AFF5343eD4b7,0.0,EOA
0x909968c7181bc9C76BC71F17d7Fab3b1f2526118,0.0,EOA
0x5a951CaA64A36809DF071fB1f7aA0AcCb8e47c7a,0.0,EOA
0x48d18A882b0Be145606A11fCe6F8A301256B93fa,53.44673270287276,EOA
0x52e3afAF9F2bd1D44B555B93C967858d67667286,3886.9411709481237,EOA
0x87C582eA5463A87D9e8efed7442CC67d3a46e1aC,0.0,EOA
0xaA970e6bD6E187492f8327e514c9E8c36c81f11E,0.0,EOA
0x7E6949e70627f746F87577BBbb3BB03f89C23B4f,2146.6826049463407,EOA
0x2Cd525828BDbD098295535B028ed226247aE5f97,0.0,EOA
0xf708ceD89C9F63d3FdF8eA7a5373931b9Ce336aE,0.0,EOA
0xb8c26e86F38e22356d2D16c875d38289B6905021,0.0,EOA
0x71A48818E248273F17062798D4fA40B24aB8eBb6,0.0,EOA
0x12f0A98012630EbDdD2BeB61b2289b28E470a18f,0.0,EOA
0x6545100189C47BF5bAa3be08B69Cb94Ac7C6f158,0.0,EOA
0x3a5A5ed68B3eEa83Df82fBd3D16b16562E205fFb,0.0,EOA
0x83fC250f27C1970BBEA5d6fb1361ea55E69D666b,0.0,EOA
0xb44587f74eFce159A776B99a2770A9AC3F1A6742,0.0,EOA
0xD9ff18Bf57a664e7F8447E4EB77aa8D5f3245b54,0.0,EOA
0x5D4d3FaE4d0282FD8A558b5f42Ba700974cBfd1A,0.0,EOA
0x752Ab1AD6deE0A06d5FebB39d8482341C355eC5E,1320.0728062793394,EOA
0xcd3aA84300B6b653e1D30c0E936c8a0677d72ceD,0.0,CONTRACT
0x2c5d7559cAbf3c9Ee67c92899f7e3bB58E99Aa01,11065.684458479598,EOA
0x3e1218cdeb98DB8d6D36775733df1471382A476E,0.0,EOA
0x2Dc209BA3dDeddf24a8080b1D1297A2Fd8337023,0.0,EOA
0x7F63921D9faC69a6824dd3Ef5fB8E1A89fcc984D,3466.3562247858004,EOA
0x49b66f88c953de3f039507804C3932e00407c4E9,0.0,EOA
0x11BC6e6E4739C24332C5D384f939F2DA3C06b130,0.0,EOA
0x499316b7C56DAAF007bad353E590B8fd698D9a2c,0.0,EOA
0xdF982320791aEE9ef491505d9e66b9CcAcE57d4b,0.0,EOA
0x56f2C4CB8518d0a4Ec749593dF574f7597A36140,0.0,EOA
0x39f9F21928C711B017D32132A9a5F58e665e00E3,0.0,EOA
0x779c1305d19A61ce5C460Eb8e854e27491013a56,0.0,EOA
0x827904bEFEF5E27b346dCBA580216d346A9cC98f,1256.0879750376275,EOA
0xd78ABa81CB2AC2D9AdF0A0b00d3CD69Afa049733,4.0707125346977e-05,EOA
0x59FBd8464bF0Cd89295e6403A35026b411640c4C,152.321252465432,EOA
0x089BDEcb5D1293624EF10d9051E082e2f31A7B2f,8295.21972461115,EOA
0x111D9E5e672835F2315A4c4aE7e63FFb1DC7fd1a,0.0,EOA
0x42C9Fe4bfC4e6bE313dCfEe249a6dF8A3B9C4D9F,106.31462712400767,EOA
0x62448888Fe1c19Ca0A4c78BA055F31B33A7b1BCf,0.0,EOA
0xBcB49DcE0B4e680B5609EC117bB1408035BD7F2F,0.0,EOA
0x4AbFdB0664b7210A5fEE2ea7Db48BBE143616BC1,233.70560553582635,EOA
0xb6f7E524D55672C10634D0dA7AED9cB738022274,37.063457928409974,EOA
0x216773c86Fc22CeF04883b3E3b4566fA57073157,0.0,EOA
0x74Aa4646850fa30eb4431B2617775E91d01b3a29,27612.12180470468,EOA
0x21424C285BD0E1D3205B61AB04222047438D34B4,0.0,EOA
0xFe10891eB590e9C73f8C8394915e36CF05095574,0.0,EOA
0xd088db08491f39f0Ab8536B72a92Fb7159A786Ae,0.0,EOA
0x702D6DeF95d59E31ebA8420372821c2E49F2D607,30254.339418082312,EOA
0xdD8a209d92d03Aa4743b0187318f8589e3a317bC,3799.4883264768273,EOA
0x0F228805C03A693AA964A791E0b2e2c6e6c6513f,0.0,EOA
0x9De736b671f842B2f84BD12F10dE1066C765eea5,0.0,EOA
0x8931196E6c6c1eC7169F1a0E21740d5569c224CB,0.04269810826678096,EOA
0x4d3A21A8ad47d86cc83C02729D5C423AdD14E7be,0.0,EOA
0x278e2ed5a105D9DdD003d08A04981670C78AD32f,292.6659888875029,EOA
0x149e762563512d8AbC762341C58BE0E83a14d9BA,16756.66690574637,EOA
0x1b125B0188C9Ad32C518539fF8500A24d4518f24,0.0,CONTRACT
0xBA68E6dc2C60670Fb0a8c320E67185116AEf2515,50.227344036644304,EOA
0x2a43517003D740E499A3B15881202D9303e78b4F,0.0,EOA
0x69e4ca33EA6AbA47B7c17630a32A91d3522682B7,1439.1125382522164,EOA
0x1764C9d237107Ec02B2af67e11De92A7e0ddcD9C,590.6069191897218,EOA
0x342E4538518C62328C95DDE170768bFa9367f4cD,0.0,EOA
0x8829532Eb731CaB1e8C93281012a45Dea139Bec1,1268.839436100427,EOA
0x1641Dd7AE2bD3D791DB2DD2753a0f8D7978c299a,6101.926104261796,EOA
0x471801AB22320F594318cECA39d0946FA6Dc4Ef9,0.0,EOA
0x4b61C5071d9C602A775148c510fA31683c285570,0.0,EOA
0xDD0948551f44E01715fc45ABb337379a72E02538,2.226905763544124,EOA
0x7Ff446Ecf4A6C7224264eab1Ee97e26A1D71152D,0.0,EOA
0x4c2A911983e43B41299A50fD5c9B680256cB9eb7,0.0,EOA
0xc3dF626D62429E31cdea23602ADD0E47C1a85a5D,1932.2946045890385,EOA
0xF7c7C356Ec3BbDD7aE794d13fA011c8574F06d51,0.0,CONTRACT
0x17e06f16ce70607f2fACa2DfC7EED07Ab5f0Ad26,5.344102504251147,EOA
0x1184cc0F7f327FB1328351659F213880aF55113e,46171.343264781965,EOA
0xcd31bdB77d139E2B0b2B1196e993DF0b65A7133C,1080.615402742116,EOA
0x161f3b207983500B6CD03B3309D4fBD3d5E10fd3,0.0,EOA
0xd599cAf0Ace3dbe22e3ec56c24bc25818d409c77,0.0,EOA
0xE13Eec1BDC8b86F3b766a6460d237e1D8Ca9317f,141.3124961340812,CONTRACT
0x25Bdf12fE44cEfD3711d5691AA5Da348d8e974E5,18269.36225659233,EOA
0x212514E0c3CAffe485EAfbd625775AF5E792c16B,0.19217519717768267,CONTRACT
0x5fF2f9f7c3006aD27B7BAEbd971c00827Eb11C2E,22195.1233769437,EOA
0xf6bC1020023249F386512bf73f217E757B4199CB,0.0,EOA
0xcf98ddE49Df6FF0095b3dC97FcCfEd883cfcaA92,0.0,EOA
0x1F838e76995Fc9C5Af975214E1b6620f7C0fFa2a,2443.4144172985316,EOA
0x52EA8D325DE0BBB703e49DaaF9ed67EF60D1258f,144.06497897371287,EOA
0x01915d0908ED0bc5B9c039AB4985A8aF6Dd3b203,0.0,EOA
0x09a07A7Eb8Ec2907115F9F188f8a539A364068ed,0.0,EOA
0x1947a993bE42Ba5346F920B24CB48a57d08f28d4,0.0,EOA
0x766d5acDBF819DD67dd4afE60d5A2d691484F778,0.0,EOA
0x80be646c17AE7a4A2a40cf08642E0D1020653eB9,16321.130124249676,EOA
0xA3e17CA80549C16CC850D37acee1a02C45736f68,1562.8171668070004,EOA
0xD1A0B66835D830e9ada42eEf436f3AA8005b20B5,12.057421660982639,EOA
0x3eAbC4Ecb34C117aF878F8dF2EAb2a647710eb36,0.0,EOA
0x23b924a6965DF063409cd078B90Cc4e5dF7A3e57,0.0,EOA
0xd2782Db8Ec48Bc6729d51A89c4F1c9B1Fa057fde,0.0,EOA
0x6763424F113835bA1Cd0fD6E4D96c43A8252A038,3727.6046067298325,EOA
0x36Cd58CBc7e7918CDc93dA345504162130043ba9,106.23275282568876,EOA
0x561EAf290e0CA0421582cD65339ce6724AD97cE2,0.0,EOA
0x2e1f83c3363EA32170ce761908180266dca58F9C,0.0,EOA
0x9Ed27Ff8e4487e39e8Fc3e35457976848E1442DF,0.0,EOA
0x4DB6d800E5D9cD67F67C2a8Dd110108657dD9759,0.0,EOA
0xb75718417ec2D05C3605D8bc49d1Cf0f78d6AdDE,0.0,EOA
0x87eAF3d9E59b50a237Ae7C8F58C21fE68d4065A4,7814.146475827067,EOA
0xcBBC9726bf4F33EebF7230b28614BebFFAeA49Df,0.0,EOA
0x6F7245140efD1a4a5b24fc981178Ef62279E1c1b,1570.3249589658346,CONTRACT
0x827793627B38232A90A0136a013069B3136E42Ff,0.0,EOA
0x0efA6709eE448Ce04402485746CFAFcE52F74460,96.08647567776075,EOA
0xbC3D22F15115914cab8A96B2D5126e0d7Ab17C18,0.0,EOA
0x08B93bbF65E897Ab789a56dAD62D0Ac0158baAAF,0.0,EOA
0x813Ab764FD2A34EaFf4713a89b6087FF5d6cCC08,34866.407111302244,EOA
0xE97FAC96ba03edb4900AcC51d28953eb58542603,0.0,EOA
0x5164BC753b317D234e4D762BF91Fd4a4DDBF557b,0.0,EOA
0xBd87f05AE586f92668618042F247d8F4F580DB6A,0.0,EOA
0x53a50D58Ee38c1134945B4c7C906b3566A87c8D2,0.0,EOA
0x3D6991085Ab1ae3926cB96f25684C40a364B6856,6.310878561953593,EOA
0xf3aB2F9D8c27CDca5a100AFA4346821ae0A7fD04,0.0,EOA
0xEa3fe6beD9a8284F8cA37C4C605D0e10702b5281,1.0,EOA
0xE1F3FBfA513134DBD73eA4626Ca64f6645855578,0.0,EOA
0x472C4906Ba839EedAD606888751a50833C088468,0.0,EOA
0x754CF7728daF4dB12E876f2CD6e62C37a1f2A184,26842.821425601967,EOA
0x0d56D397983Dbf886cF96d84c072E9BB0C1d8EF9,0.0,EOA
0x0EcA5Bd7b78603C3A4B3292914C98b94500f843A,0.0,CONTRACT
0xAcF2f2516cc705a69cfC21567b6A8Bf40047ab9A,0.0,EOA
0x487c6480C33f32435F99cFa4b1E09C0D4e4165f7,0.0,EOA
0xAE4aBcE9aDc6F4adA638CE10C5643f9429520E76,407.0604394067292,EOA
0x94c7F3A681B8D0612b2c98ba13650cCC629fa121,0.0,EOA
0xd54DAfACd5Bd3d621597e71059a3cCcB52aA3970,0.0,EOA
0x9f07e479b4a1b4Ef6262DbE4f9B028E4Fd85916C,9.023718855691223,CONTRACT
0x80337931BFC6935943F1D561239A50edE3bCb0Ac,0.0,EOA
0x2fED60284f1D800cb31b8F97704a50d9929E3Aec,1534.2013589248468,EOA
0xd12A53Cd2ab3Fd54618670c5d25c1a04e17F7975,28764.252212920088,CONTRACT
0x80F8b6220f4C0A5B6a72C30B6C9332B06f915306,0.0,EOA
0x452c2eA792b85218794c39d4b2eB66E1f51Dd129,0.0,EOA
0x9Ce986eAb0495D34AE0fbE67ec705eD712c176f6,1.1310708873673494,EOA
0x48cBc5C5C42A82a27fEb0b41b14bcd9D2E13cfB5,56.39023747279666,EOA
0x83C6A08C249B1bD0A6A25D4C97D5BC4C33D16E2a,0.0,EOA
0xF375dc67aA324dbADDc385d4cd152637C06c8107,0.0,EOA
0xB55619926a7141a81f77B7608262376e97380300,0.0,EOA
0x128367eC3a60FEc2DBf605E945ABe5cE4791eba3,393.7956800880935,EOA
0x943F7ccd01c5939984CD1e6D954405aB1B38a365,714.0855509730378,EOA
0xB964884D18a720e9ed9922b64921267aF1a2E678,0.0514290366129248,EOA
0x950B1137aC8f0c17f74FA86Fe3F2BEB9012CEB7B,1631.4926426369475,EOA
0x01F12FB1d38156fc6D1c9a7d813BDe4b52D38E47,0.0,EOA
0xe087C374828d3f26DCdfc928592e522Fa5169C34,0.0,EOA
0x8e3e28e403767931A31CA33A5EeB838504F9E2Bb,0.0,EOA
0xF1f67F8cfADB7cD4564A065f7864296Fe4CFebbE,0.0,EOA
0x733C2d6eEE6c7E9e62446F64A4db34e2ec4dd275,0.0,EOA
0xAA80d36BFDD846674Be46c36B2827d4eBc634e39,0.0,EOA
0x30d670C6d652e4b46c63D7eE67cB6a20ffe6c64B,9681.975112385177,EOA
0xeC5c16f3EAF86a801a3E89201DD39bDDD1786cBF,36.97760216766139,EOA
0x94E08736426948C5f463ac243416f0473F680b2B,0.0,EOA
0x4124b3A24294fe3C6A19Bb8e687c039f367415C9,0.0,EOA
0x054d447bF836DA6CcDd434d2B0c3c192a8b24B8c,0.0,EOA
0xbdBf2706d4C4631A2fA3De0FF670a7343c5b7C9D,35.08451678248143,EOA
0x8CF0477F411D61448F4f638838c0698E9afD0351,0.0,EOA
0x5C574d0eaD39fdDd680067783FB5AA9A1a99e453,27.826439496062115,EOA
0x7f7A32b7A6De1C5a6d6afd812006360b96ffC51F,234.9878469150341,EOA
0xD31Be56F1Af00e799B8F5851040ceEcED93D8C8B,0.005,CONTRACT
0xe66498c07A5247a2BEbEbC93880dffe89C19cB20,33.73260340422533,EOA
0x8c21260567dDF375e4d58eadd020aDcC38193Bad,2813.821526425983,EOA
0x7Be4E73E85FA4c073020f1A76974A6c9d4F8bE2E,0.0,EOA
0xc5115D9D85256cC93836189D21d23729014B9Afe,14.634268138001016,EOA
0xc8474089b8A428a32d938f5C28FB7eC8534D6FD1,1349.799954423471,EOA
0x6BD3e26DA7FD8D8d1E9DdbE80c477673c9f8195e,7755.40749261265,EOA
0x773E415A9f9DE303a236de68BAbA0C2e690c6666,0.0,EOA
0x393ce05d52Ad57a349aaDe03a27293676554D64D,0.0,EOA
0x487d0c7553c8d88500085A805d316eD5b18357f8,0.0,EOA
0xEA9F83606EA6b80f15DdCfc8bAcD61DF1A12225A,11.532487737013014,EOA
0x40677e9D3CBAfD1522a1baEdECebA68Aca35dB4D,0.0,EOA
0x76b49fA94426297A0287059FEd9Ec990B486678D,176.0852543856345,EOA
0x94759c0cdD84054a71c4B9746DCdeE90783ACA4f,0.053948130558330254,EOA
0x7110D94153cCBf0a6F9D11527648549516b4C809,2158.3903171721818,EOA
0xA7228C62842C2099301a1759313cF52b803C2CD6,0.0,EOA
0x6906E356A6710f0cA7823815b81bc866F34f9B03,0.0,EOA
0x7D8fe377e2058c9cedc2Ad3Ce0D77268796Fdab6,0.0,CONTRACT
0x47adE238Cc739dbCE060C572E7393467ED6F0c50,3027.9980602142746,EOA
0xFeFf9104a450681fd95153bA9823964E09e67A9E,11416.402686773878,EOA
0xf294D84eC9931fb95A2B89aFC769F3F8AC71C828,0.0,EOA
0x06D868f6f3333aD1c2B4aee049672b36713fA1c0,343.87033915523045,EOA
0x7d6d682795a5B704Fc5dDACaC91398C62B8B5416,0.0,EOA
0x24561Ea3DB82e80973c3326911aC12B5a04B415a,535.5304951986071,EOA
0xad94cC9cbe28946a9cC1A67592140637AFdEFA30,0.0,EOA
0xFE96e12778DfD43Cf66A010B7b744f826D9aC42A,0.0,EOA
0x529497b2D1DfD5c23b3680ae5e12B12cb0AA2c7A,0.0,EOA
0x2B5F20C73d45F0a9D0b9459604Ae1D1c7f10EAb0,1.0,EOA
0xE7a56d36a3aFdE368AF5e34F49d0768A33E7891E,9165.848407426547,EOA
0xbdfBc7dA5560Ed3803FCF72DC796ACC6D8C0c7df,0.0,EOA
0x40bD3a7E94Cde293f0394289b306ECC094122E23,0.0,EOA
0x2D84f07222cB24b2d475f729f32A3E04b41DD708,0.0,EOA
0x026F63e84B357DfFF3b66f0995dD7dee72901079,0.0,EOA
0xa4722a7A8a79E0de7B568559261D789f0B80baDC,294.0260785184443,EOA
0x62FF6F10747AC78F3E478a4d95679D7D6101EfDA,0.0,EOA
0x008082A16BA9A35FB1Ec8ecC1c8735227B5F542e,15.037941361111347,EOA
0x4726FA9a4C870CE63174A69F7832beB50D286EC7,0.0,EOA
0x58761D6C6bF6c4bab96CaE125a2e5c8B1859b48a,92750.99184456447,EOA
0xB8dBac300e69C9c2d56542f83BBAc3DbaD065D02,0.0,EOA
0xfCA5a27d4cfF104FC276897CA3f32cFeDc6f50BA,0.0,EOA
0x7d544a853DbcD39a53315E7002F4951a6D2F080d,0.0,EOA
0x95600c8D13b6e3030246BB2D625798cDCDdf06BF,5113.21821514632,EOA
0xeE368a81C42722837A99f757410056255530efc4,0.0,EOA
0x20719254Ce7fdAF51B541bc218D98e7D141AeE28,0.0,EOA
0xfCB4Ad925dc378040eDf0078776c779edD402D1E,0.0,EOA
0xc6f9c6b3791712e3127849b97c8Ce6a1A4263c4C,0.0,EOA
0x79e47f12FE6382CFb29E8E7dc05c57B5c04cC814,248.11432288219302,EOA
0x724D37177b079e597951f6933a506b5C81Ce505b,123.50953347281333,EOA
0x8322279cEcb70Ae2b74c6bF8C8913D791C5B1d4c,0.0,EOA
0xC79C37226340686Ff82e9747F8Cb099782D61AB2,0.0,CONTRACT
0x9aCf8D0315094d33Aa6875B673EB126483C3A2c0,4317.976299139509,CONTRACT
0x6Cb442acF35158D5eDa88fe602221b67B400Be3E,0.0,CONTRACT
0x0F6120AF65fC639c1EE7Dfb79271683E62b3b888,0.0,EOA
0x42DcE09903beEb4cAf167eFcE9C4694F07086973,96.99455670603858,EOA
0x67E0E23DF9f51612bF2666895608B9B4c0014bA0,0.0,EOA
0xCed3FC4610761F79242D7D8A72FE86F3A1c626b4,0.0,EOA
0x30880656b079f3f8bbA5293884E89c23E6B4AEf9,8.312442627123753,EOA
0xDA37aA19fDf3209Ccccc3133bF6447FD80c909fD,0.0,EOA
0xBD6770cFC0A6231ECD8007Ec25Bc80980B585407,0.0,EOA
0x435c2170b0D751Faae850bC8307D17AE82Eabf9c,10.0,EOA
0xF1745cE86aCF50fb0867C9E36a80D8ad84FdaD10,124.7242152515355,EOA
0xCDcc7a30AF16a08714a2EEbA46F68bE46F6A0b41,0.0,EOA
0x5520545d25876aa88eF5b5C70E9CA3ceA9D42AFd,0.0,EOA
0x28C974C18C6553B445c4B77F35D83F3499ACF58f,0.02517123850860324,EOA
0xe65276E8A6732143DFE95238A6e45C8c0A4c0331,563.4144539882057,EOA
0x012ed994df76022637F79fF9E209D7D44a4D1c8e,0.0,EOA
0xb5644f95E51fca4f7a1D64e5061f9dD329f88B65,0.0,EOA
0xF02D0EFc10e0F276F50080dFEBC522B9502A6444,0.0,EOA
0xE450d7eF76E8781A3BCe0Dd0D848Baa3A035B9bD,1.3,EOA
0x527088abEF869bCa8EDC5269Ec3d68f5C19deA7E,0.0,EOA
0x405907A618C0fC14384650F4904Afd93cc17f49c,0.0,EOA
0xaad212afBb37cEf736b917E1849c1B9c4a31f918,1459.832859585481,EOA
0x8f685659a685951D7D5C94D3cbF7A00f97171032,0.0,EOA
0xEEC9A853aB6270Ec0DbC333C1eb4B59A4B9e4d82,5523.063312604836,EOA
0xaf38756E009f32aF4CA87A603503CCBEEE0E6688,0.0,EOA
0x0cf6b8E0251AE8c2e021da9c964a68278983EbB8,0.0,EOA
0x1525D8fcAD680088245055fFB43179367D3EFfC0,0.0,EOA
0x4643731FA0406F21A6cC479E442BB4e59b742C69,154.06418106087764,EOA
0xD442C0eff7aD7E558C915279f60756fA91Ec679A,0.0,CONTRACT
0x768d973e3195FDf2C8FcDEd609AbD89dbe378647,0.0,EOA
0xCa1A6e5fE34293775fE0dD109d74539b567eEc34,0.0,EOA
0x0EA68F4a48c7d180A64FA895F2bed13A9a256D66,0.0,EOA
0x70e9364882a1a48DC1607A79b9C9163b7B834986,5952.227703191922,EOA
0x6ebB725F4EdC348838DB7Dd14F17951f6C78291b,0.0,EOA
0x012c0bCe561FbCb733f321e007c9b6d1E27785ED,6.669353059494807,EOA
0x5cAda489Ce76FBe4d7Eca82C60cFEd4B8bEAf6f7,0.0,EOA
0x6660B8346A6F6836d754799cA9512588Ad4a810E,0.0,EOA
0xE4990e105E0B49b7c1D4759468A6B522F825940C,252.45074825457877,EOA
0x28D8EAf0835BD78f4bd4d31e513089a9F7026D08,0.0,EOA
0x777c47498b42dbe449fB4cB810871A46cD777777,0.0,EOA
0xE226c3D455BE157c544AD62Fda8D0728f12c3A5D,0.0,EOA
0x38C8Db67047146F9B0e6e185Aa57EAEB67c6F1AD,0.0,EOA
0x7378bc4c56DFa1CbD4Cca1814Cb948D26Fd86a3D,0.0,EOA
0x464bFb8838F89c08EfAd08Ac504efB3538Ec8813,0.0,EOA
0xfDAc6FFD9Abff18D859b16fCa7198BcD7AfD2b2B,1438.4863822866637,EOA
0x0D84911798d07A733A701E8D2F6409a8468cB0FA,0.0,EOA
0x48E53189a4AfF640ce484D89b270c4AedfE4E7Cc,60651.11743497695,EOA
0xB0CC2225cFD8C84C624FCF23777486403A061d89,95.53954708363328,EOA
0xE86da261877525edE556d3Ff142300b10416c826,0.0,EOA
0xA8C8703083Aa9dFa8508F06d6f271d3965e55B73,0.0,EOA
0x9837967682c594DDe5A245a719Ae1b44cE52e77d,96.90507138913445,EOA
0x3F3721173aFf420cCbEc4790E049b66E26cd9886,0.0,EOA
0xFE3A593fB8a90185A8E31eDC8eb02E7d889D52f0,0.0,EOA
0x747D0a47DDB84F817588Aa04A189A19c0206A028,0.0,EOA
0xE00A67B21Bf51782E01c5aa06B9c9B4781f5aaF2,0.0,EOA
0xf08Ed74E0e705C530dAb3597A668fD77e0892047,0.0,EOA
0xB1dD2Fdb023cB54b7cc2a0f5D9e8d47a9F7723ce,0.0,EOA
0xD2476321E3c0d862CfA9647c1019D2eDdc761C40,0.0,EOA
0x66eADDf4486ff607B9D67856Db2cA7CF862160e1,0.0,EOA
0xC2D4d30A60206021D777579752F3C7873C7DBe75,80.74040120716936,EOA
0x338E88FFc51751B9cb7EaB5249b809e474fd4684,544.0765451401983,EOA
0x95Be0AFb27C2426D9457ceEe22EDab30650cDcb0,0.0,EOA
0x699eCB7139e2c0Bf7b48a2493bcbBE868a2f83E9,0.0,EOA
0xE08D9cc9b651cB95dE82562a3642AfE7c7CDb902,0.0,EOA
0x181cE7323807d02C35fD1D7754a2491fF2E53B5a,1270.9182695263185,EOA
0xf829f3B414f75e5AB99295eA14bd2372044434F4,138.06720060246326,EOA
0x84AAAf0294c36551042C6681dfA0838Fb2C3A66C,0.0,EOA
0xc86fC1953aC75C3f12eabcec108d6C616774E3A9,7219.3093453225465,EOA
0x3F463Ff978e54aBa4c651facd268A4234145e234,268002.45916036534,EOA
0x87155E40F969FDAe7b73015dc2c1ce53003Ff70F,29703.851267527396,EOA
0x76f980Cfe17D4fF3e3F9ddCe2129C17e55A1091d,0.0,EOA
0x8874aA68e12a20F316E88023FD688Dc8A5C5e9EB,0.0,EOA
0x50598aF27B798d0b7F538B28e7C2f9994A9E58C1,0.0,EOA
0xAF58fa09d9580383aE40145EbFcb2Cdba81F84e5,16.774121195804025,EOA
0xA16B1240E0E09B7135Bc0e1135667D50f8e3f0a5,0.0,EOA
0x901cEfAbFf4B611266b733A25eBC0302F49635bc,0.0,EOA
0xF3943ed949A989a3691CbE7aF24cc861eEaA511b,258.43190862783894,EOA
0x1563C4751Ad2be48Fd17464B73585B6ba8b6A5f0,0.0,EOA
0x9621E3eaE18640cf562467c3E489241B83F752c3,480.02316597679044,EOA
0x14dbbEB5a9bccDA3Aed04BA62b14a2216EA5bCAb,7236.2458978645345,EOA
0x5d03f2d28Efc35B42F00C05063099959fE02A279,0.0,EOA
0x61057F96F041309c177c434d73f11D09EFAF84B2,0.0,EOA
0xC5Fce14605C4E95AD0C38087176e7A5F05c1D333,0.0,EOA
0x2dCba50DF05Da34Da47d7e399cAf954F6A8026E6,0.0,EOA
0x394B36ce827cf656D1013F326F1cD05C5701Dade,0.0,EOA
0x610649AB2D224b5848aBE92A3750854f3cEDcd1c,21.93515628314287,EOA
0xe6B37e0204c60C1f3f2612E3fe5374925B80E2b8,152.07432887248896,EOA
0xc5cE717FFfaC12F9101dB73a3A189586eDa6280B,0.0,EOA
0xB5c8ebf701676594abd93DA9A16bd5f4759C9982,1137.6575311575195,EOA
0x100aC9800D2e787DA0cF3Fe216501be7f96A24f6,0.0,EOA
0x9e0149f7CC28c93A3B5F76AB3e8A2a22d14435b5,489.06042529437383,EOA
0x6EBADb023675aD9fe7Cc0d2cD94929b4771c30f4,0.0,EOA
0xA51CC4578939370d3b680F145830b362585964D5,0.0,EOA
0x031769CdeCb35F9F8f0CEdb13C298633E798A888,0.0,EOA
0xbF49B454818783D12Bf4f3375ff17C59015e66Cb,0.0,EOA
0x341cDF50855181B433EFb4768C94b93f84390D1E,0.0,EOA
0xcaD9A9ad59A666eaE88e14f9faea0A5D2D2a01F4,0.0,EOA
0x24B94c794a47A5DDddACD8d4408D4D22361f62a8,1266.591096890654,EOA
0x1E2b7B3fE8509E5D29503ddAeAd249eEcA45A6ED,0.0,EOA
0x5B8373c738d377e2a0C126F90f54F36F51375f6A,0.0,EOA
0x433C591ac8e2FcF5C56E2799585A44a9834df424,1208.8276752188933,EOA
0x81762E633e2ff343422e65A5D67Ec6AcE60Bbe65,0.008876969086807155,EOA
0x258B4D279D2f5bAD1Fe519220ef292Fa7A0cFF36,1306.4979626190934,EOA
0xD79868ff4f4155fDbbd20ABF66CCE130356cdA17,48.91358454164504,EOA
0xac272189dD021dB0CC7F4252903c5FCD83276703,0.0,EOA
0xF4F2648a273825f12774e5712Ba26348Bfa279b0,309.73475145236716,EOA
0x7BC705C6201926fb34130aaAAd71A1683961FdFc,0.0,EOA
0x15af457d0166aC03757b76AF0a65b2b6367D044c,0.0,EOA
0xDC18517d7f2EffC6ccE195f5a2Bf64AB52367AD3,0.0,EOA
0x3Cb589acbF6df2a5418fD1bAB10fFF638Bf67307,0.0,EOA
0xcb1873A6c84232b7cdC95cc6a5B72e4997498D4F,0.0,EOA
0xd1642FCC093202F30E64D28eB8de8d0714958F8F,1.5777500271713447,EOA
0x46Db2Fbfe2bbe35B66c70cc9e1dC61f82A6a8fF5,10747.928234082607,EOA
0xA13bB257B3Fc3f476ff2eaf28726363e2205A02e,0.0,EOA
0xDE6759FaebAba270a8cb80633ccd5CE3143FFF28,2670.4869008701544,EOA
0x5c8e02921BA4b59908079566Dc8CF4F6d8e108E0,0.0,CONTRACT
0x1E109d267DA61261cb160cb6387fCCC0463d6176,0.0,EOA
0xbDBEbFf9e92dC8BF81843E5235ac59a16355852E,0.0,EOA
0xaEF1E5ab36D4f9F7227Fb216f0107F05CE2B1967,4.845932312687531,CONTRACT
0x55C4D64BA443188FA8dc6973a89137358B7A9a42,0.0,EOA
0x73d52Bf205839bB5B090aD68D8691A2462492bf1,0.3122601629883308,CONTRACT
0xfc29C5DA0003d80404Db412e26377062789A5dFf,0.0,EOA
0x7ADF262e8609a59ae228FDa55e6DAe6160623dE0,0.0,EOA
0x606d2C436A07be40C276a6176bb1376C34e49Ee9,3350.0,EOA
0xf9F061d9a5f04E223ed3c560E03A8AB0A70Cc1c4,9631.121974886557,EOA
0xB5642b57FfcD7F729B237924E3d1f48B01d1a863,0.0,EOA
0x309078Aee712243Aebd46F9B2A57EB41b3DB9178,20.0,EOA
0xe53F2E841f15D0a3Af2262C8507ADcd3CB9CD658,0.0,EOA
0xC279ccE107A9272FfEc07CB1b7471491c2FEe5A2,557.2756934134834,EOA
0x0b6ec01C101D174CA487646D9A81DE77b6a93dd6,0.0,EOA
0xFBb486C53F209b3F0991A6E77233D367630697f2,13.485889528886846,EOA
0x0Bc18d50646B89822dB55D427F9950e17B4B4E6a,0.0,EOA
0x6a3c094BfC345e8eC918Cb59fef3C5459Bd6961e,0.0,EOA
0x785aA6AC8F8122087149494C23109061ECF48177,0.0,EOA
0x227F0F87D2e3022aC11dFd81709AF6bB6FDc8Af5,56.244899459463575,EOA
0xBb872E1d2AEA32E1344ac2A6044B604FDC9761d7,4126.509676130801,EOA
0x434d36F32AbeD3F7937fE0be88dc1B0eB9381244,0.0,EOA
0x8E8A10fB84D59275e304b24B302D533C4Ed5D033,200.0,EOA
0x12D0f29642Ebf73aB1b636222Fd3eB48eB9b4A03,0.21078552358967076,EOA
0xEc4EdfF8D9b211A834Ee4EdEFae3Cc2437C7B210,0.0,EOA
0x304B3D778ADa6D14387dba400d48eC5BB9EB689b,68881.8104867618,EOA
0x2820749D1BF969efA71C39e8C386ca063F04b99F,0.0,EOA
0xF6B3dA7E39eDBc0a25e484D7B4Fd119Ef50EF393,0.0,EOA
0x0cb8934f7eFb2c8c5c925247a7CDcdaEA5dC793b,278.3470410686969,EOA
0xFf3BE24E569827b0a669500cDbA1Abd0fce0a37c,0.0,EOA
0xdceb0Bb3311342e3ce9e49f57aFfCE9dEac40bA1,0.0,EOA
0x16b658270Ac50c0063940ed287C401b3dF7CCf70,0.0,EOA
0x538C4F2AfA012911851dAdf0655cb61377e7a8EB,0.0,EOA
0xbb672Bbe37c259e7D22b250D6F1310161EEfaEcE,0.0,EOA
0xAB2DCF4a68Fc91D099FEE8818141fc748dA5381D,131124.99430562774,EOA
0xB84bf98C503CfA025936714322C449Cd74864f2a,41.0559369033262,EOA
0x0A0b860Bb5aB14e1B53EaDBBbf994fEEDC55834D,0.0,EOA
0x2968eE07E4A7B58AcBd57980aF85C211BF026422,41999.99999999999,EOA
0x4042586e34f12Be47dEe081609530C270BfC8812,0.0,EOA
0x1c541C6D264B495Fd0d199e75e8134024B4489F2,0.0,CONTRACT
0xf925D307ce0D0B3e689F4a28B64031624EBa3c74,0.0,EOA
0x3EDB7d5b494cCB9bb84D11CA25F320Af2bb15f40,8.55483918019064,EOA
0x44c3Cf2D964d7B2f9Be5fA612B0CC436720F6EAd,0.0,EOA
0x7d0c47581d98692f2ea6e87941024D2b8E0A59A3,0.0,EOA
0x44cE50927B770e04a6291658e6eC8F8635c2F0e0,0.0,EOA
0x9D13B1faFaA5f3EcA37F724d61697cD420DCB9D7,137251.54279760638,EOA
0x59BE25791eb311433416a4Ec7CeC861651dbB766,841.4882364753597,EOA
0x7384f4C55d2A6392B36FD4F16e314cb6Cc14Afe0,0.0,EOA
0x1DE42d84d0272D869eF366a35C5e003A06f37265,0.0,EOA
0x5f23C1E7540B8EcE97D92c354FB93039680ccADB,2592.6723959359324,EOA
0xa1C9d41719c4fFD99463F1CfA579d9b6A96b50c6,886.2548677153982,EOA
0x632b01dc743fCf28A542eF09fB6316C02CAd3A39,0.0,EOA
0x254f89cDCBA2c406E5c6C51699db686979F67211,665.0050781555054,CONTRACT
0xB9F47c844DE01c00026687B80Bb1443327e17446,0.0,EOA
0xDA98B64947B57115a8cba2B7B56bD266C87937eE,1.2316410278824548,EOA
0x8E1Be9FB773F2Fd6BB2ec342249CabA8d3b9b06c,7285.482745719006,EOA
0x1D58328205429D39cE21a13DcD3FeB73180C9B20,0.0,EOA
0x2E2eeBBC4EDbcbacB4d36988a02881f1DD8bfE41,0.0,EOA
0xa6a21c25CE569E7157FdF799067E74aF134160DB,18376.56678082192,EOA
0xEfeF31E95cF75a6d5619310D50c15483CaF593DE,430238.9027821597,EOA
0x580499E37c131c1C461d9FF76B1b725C31C6B15E,11865.909350918962,EOA
0xB53ED4b7B068d41b590927650f4dFB2F797C3b22,0.0,EOA
0x1bd0F0D80b7a7f53B56126183dd0960af8257dFB,57.84404938593906,EOA
0x52aa92a08B209533A11A1B5Ce0aF39DCdf5199c8,17393.813377542458,EOA
0xD8c387fbEF52e791BD7F9Ab8b96a09Be5306fFa9,0.0,EOA
0xa1e2de18e21D432f601dFD7f49aCEC2C99B5e710,0.0,EOA
0xb84ED8c818F381E6D4605829b05Ca5294D55D7a1,101.76374052465403,EOA
0x586D63ed351DCAcA2df3d5637665fA4e5447Ed33,0.0,EOA
0x4a26B005f97067d123f4CED7654e278328b01407,0.0,CONTRACT
0xD8d462958Fe3194cAbb95d502F1Ad7ddcF7E0558,0.0,EOA
0x8f7F241DD4d3332Eaf5F9C1a63d6DB08B1FC0383,0.0,EOA
0x1020b6BF23455e7A3805eaf6839b4A3914ee7bF2,114.48656552716147,EOA
0xdd97E7Ffb2aE6D44c5B864aa79Cc7FdC3AA97f1F,0.0,EOA
0x9c63104a0DFE3E1BF838120d9A3de9b9e5332e92,0.0,EOA
0x7c3D3c9EA0F11B162a4261a849033030B4Cd3064,1001.988802208767,EOA
0xEADa6Fe6541E5C8DE50AF94A97Ac29F85A3459Ea,925.4938152299162,EOA
0x0b776552c1Aef1Dc33005DD25AcDA22493b6615d,460.0,EOA
0x1D60BbCd22E7423d27D763fF743d7C100C2bCB27,0.0,EOA
0x577a95a77ff84e6D35362e9FaA22852F4Ce086ea,0.0,EOA
0x28aa4F9ffe21365473B64C161b566C3CdeAD0108,85323.95254360726,EOA
0x1DaE7527D362C997d4B6b810679Ab8eCDc4e784F,62.95529596754808,EOA
0x9f9E8E949993D7ea3BE5ed5Bb5D4d1B6B6f4d429,0.0,EOA
0xf00357452a6f048b906cCa9B7DD14f86A02555dD,17482.422005562163,EOA
0x9d1439d80477F3D12Dbf90B99fcD67E39aF53946,0.0,EOA
0x9254BB30f031262133881B9E3990ed8c0Fa66e25,0.0,EOA
0xfDaA689cA3C98718419562Cc4929a0CEcD02afe8,15.750700713176379,EOA
0x876E6fD1961F404F9a566243FB3537BA62BfcEa0,0.0,EOA
0x1BbF6B8DccDA8eE361B09C7AE01328Af46DBF49e,0.0,EOA
0x71E92Fa82D796F6F13F5CB4E8F84Ddc0b0542A60,582.6381274000323,EOA
0xE15bdd436a98d912702A847d4BADbf090b2d7197,2027.399870873403,EOA
0x80409667134786a14190E80De9974fBCEB387F1B,0.0,EOA
0xF9344061881a5df17bC1BBA38423C10bf13760b6,1556.117530222553,EOA
0x2d437771F6fBeDf3d83633cbD3A31B6C6bdba2b1,98.38019437725676,CONTRACT
0x70aF8f0B836448799844B062f489b02a47D93fcD,0.0,EOA
0x1b0132aA8dB835738ee33F83d67d5A14c532b65D,0.0,EOA
0xb57E6d15DF08082900fd92fa080f85aeF01A5f46,3343.0509966152813,EOA
0xB6ECCe8c41e54352CF8fC0d41b0a849dA1BA0832,0.0,EOA
0xC0509C8c4BE003e68fDCF20Cdd6ace347253C061,1118.5587594906663,EOA
0xc73d0B593a8A56F832d7d76A116CE50483EFF729,0.0,EOA
0xA016A6dFaD2992162155aadc813dcfe7DC4AC4e7,0.0,EOA
0xfE533B259587De6999b9798773fC43f9Ae662ba2,15480.326308649943,EOA
0xe45F57a52461AC8c406452AF8bdbb5b3A1e54F57,617.5564393954041,CONTRACT
0xCB6586874cc04B01Cc4fDB777dE502cEa7b3D6c1,458.65915362029216,EOA
0x5FF09a7a0E5bCfeB08420F6A63bACE323AF93dc8,68.20616079520438,EOA
0x56868E178e90F2139943B826f0C8c31425BC5C12,0.0,EOA
0x0e3E8521b9fcc4a0058A7818224d5B20380Ca608,0.0,EOA
0xf9e06A74f334B5c2571fe92Ff94281Ef5A065066,4.438616350153206,EOA
0x8D005DabEc8bE87852d1Fe696d44619653341a5D,0.0,CONTRACT
0x78ce9fe8D59E2e39fC100A02D30109B16d2D7fD9,5416.254031916814,EOA
0x5C1902cF6FeD586a1A5166D764e2aeA2959f3C4A,0.0,EOA
0x4CE69fd760AD0c07490178f9a47863Dc0358cCCD,0.0,EOA
0x76aa110C1b866aFd8939e60dd587e13FA64EA525,0.0,EOA
0xe56326FA86A6fe32BAd1Ca6392025F3283f17F21,0.0,EOA
0x6E56E7ff87b9D28BFA3EB58Aff1C4ECC0955b25e,0.0,EOA
0x30945Ae0BBeA61017Bdd134f25efFFB954298799,31.0396285406167,EOA
0x12eb4D7Cac5971dC59D9A2Da5A0167f36E170F78,0.0,EOA
0xF9509B29C8e3371969d40503bdDb94049B37f4cf,0.0,EOA
0x438A84f45343e1D6A2264A55314C90C5907ceA1b,0.0,EOA
0x8A7158f1208e9B1bBDA2a0094cE442F52C51F3aC,808.5850160662889,EOA
0x5275817b74021E97c980E95EdE6bbAc0D0d6f3a2,75061.88706270981,EOA
0xA2F07A6A5002cf78507DBc6A7d25e1a66d2AA895,0.0,EOA
0x74e08BC79D981FDBAFD7677e6D67057B1DfD460D,0.0,EOA
0x0C0586a35FA30FF528b2d7Ce5969B845eB8c3A8c,590.5300989464314,CONTRACT
0x900F3031C5C1E675B1A3ce2F123838063880b9a5,0.010520487696600711,EOA
0x1FFD5FE1714003e4efA67aaC9d272A1eb904d0FF,0.0,EOA
0x2452E136265E4B2cE559534e9eb18e9907F45973,19908.272373328706,EOA
0x02736d5c8dcea65539993d143A3DE90ceBcA9c3c,0.0,EOA
0x7fd7E17Bb15CeAf850376453DEa842386F07AA12,358.5965391343167,EOA
0xBA4b57F6e15778C6613c51A043856827F4F4edd2,2825.1122438867346,EOA
0xD9962F4996C745c446A494EBD52c778FaA3f56B9,0.0,EOA
0x0509582Dcf2D5EA685949Cee9B112C342f406601,0.0,EOA
0x78d4Be02c2259b6f4FB8fD6bFA919d3675fA78f8,287959.25329025055,EOA
0x046a020Ab8e7E0B33Fba87f38Bd3B91a5E0f43bC,15.71241202340054,EOA
0x8eaE6474F8FeE5D15d2477fB05B59cdf0859878e,6750.621074521881,EOA
0x8a5adC20b7E17D6535E34Ff31Bc9549Ac2771286,1936.6116389517833,EOA
0xbCc8cB0a825c61355a460da85159f1B43D5d49AB,0.0,EOA
0xc4f20607c4443C7aFc17E44058C29CD8fEDC17Fc,0.0,EOA
0x684c350D9A0569A07454D778134f04406315a5b8,0.0,EOA
0x61925a8F9FEB020ca4895510E5C545a44885Cd5f,0.0,EOA
0xfBEE41eFc8F2932fE109Ee1bCa2d442C6e78eeaF,0.0,EOA
0xaf0acd71df2e5f3d637eaD63fe3FE3420eEC43C7,0.0,EOA
0xD112da04f4B6dDdf3374cabde6a3d23c8DE040A5,0.0,EOA
0xdF634eb1bf935f3345379c82a47fdA9BD57451e3,0.0,EOA
0x58e5C387C541ba7c4B04f126aDb778Fb02715AfA,0.0,CONTRACT
0xB67CB1CE44f8eeed47D0A7E0Bc99B4B703eEa5db,26289.62046247162,EOA
0x7Fc528Dbe0ef5Ca720E4B3338034444c642896f7,44.94489241349518,EOA
0x10B0a72eA6110A4b985E21F62c4e30D09CcEc89c,0.0,CONTRACT
0x699A0480E4389e8B7329b371a89BF34B685C2f5c,25.95784356820808,EOA
0x355f4d611eeB3770933C26f0213f7843350c90F8,0.0,EOA
0x83800cE41C533703055128aB5Fe28F2ea5Fb4c1e,0.0,EOA
0xC1f0A14172Eca3d33c6682876A5253996A706ad6,0.0,EOA
0xe17A3d8399ebc55CC9C6b5719687B70D5fbf44a4,193.838208296572,EOA
0xF865067A5B9672f11AF8514440D9111AfD05d040,37385.85488189497,EOA
0x0304492c94D8DAFAB67756c7B7aAf94E2C9Ca709,0.0,EOA
0x961f6af1729F276C9a053016A2da2706A19b7C42,0.0,EOA
0x992007e4E23949e54b13d34e4AE27Eb406CE351E,0.0,EOA
0xB2514d80A1E465fBC5C63492129a167c1fD10EE0,0.0,EOA
0xfb98fbcb48332aB8832E6F008C7fC5C59bcF8bF4,0.0,EOA
0x905B3a232FF03E8F69Aa4F8478ce1812eceD9FEC,390.2167857844389,EOA
0x9c57027B1eca93093a6F446422C59C85A5A3Fa52,37.11017804199711,EOA
0x3056Ef688C48d30a646be3cD4467f6b78E842d72,0.0,EOA
0x6F85BBD20810E7f70f6a99f78dD7174B3A2F1c22,0.0,EOA
0x48d02c421DF013708f5E5a9CcB28182efc4a9de4,0.0,EOA
0x89955a99552F11487FFdc054a6875DF9446B2902,0.0,EOA
0x9ED6b9a2F6a5dE9fedCCd51C1EE99a9346261FFB,3606.611626384725,EOA
0x6Ec06f8835F41Cc79BB4ADf25ba3DE13c7A5996a,0.0,EOA
0x31e55af6c55476b3Ca0A6E7689d2ee91F55840c4,1854.9241278838608,EOA
0x6283973aB56862293BdA30C7B0C4832B1e5D4214,0.0,EOA
0xfED5b6f65D42af35B87795f5C05da2AC07A8aA4e,0.0,EOA
0xc7A138e47879AbA0c3832FA24d7C8BDbf6d48E84,0.0,EOA
0x0E384CD723c56beAC32b04A4CB194A183C2Dd681,0.0,EOA
0x809E84AFcFd095A6f9c90115E79060BF54E12cf4,0.0,EOA
0x13c28134b1e195382117cBBF524E624f48699906,438.3253095162356,CONTRACT
0x4A64DfB5a749ccC87F61Eb7DBcBA9D9dFDC42545,41274.715684370996,EOA
0xcEb25e3c3577c231Fa2e9CFcb20860D898c807b3,0.0,EOA
0xebf26D7C96966284fd76F96AFeb17b05AD9D20D4,0.0,EOA
0x2699465609aaec51f814899C2a87583bD472C286,0.0,EOA
0xbD1678F7e06d79e3e56786D2f598813ff050b124,1904.7192668696093,EOA
0x66138EbD4ed975c7B74C48407713a3a813FC80c5,0.0,EOA
0xf883b68Dc7332e27A24a326A4e2540D70E62A773,0.0,EOA
0xbdd29f8D287FEe1a131cc94f1C4157d0Fc6Cf33C,0.0,EOA
0x55C2581CF4551aCd9ACeF8497E1E98FE38f8d0c0,0.0,EOA
0xf6Fda7a22C8CB91449d83FC2B89AFE7F6f3848a7,0.0,EOA
0xBFf06DEb7059B475a734E71D101b2D9fF3247cFF,0.0,EOA
0x0930400F5459b57E88E193dFE884836b9F0c8B78,10297.013717667836,EOA
0x0eDA9a45Ba80326aD0cDFB21e2125fceA71289ed,17169.7397213998,EOA
0xdb367cabE63fBA011d8aaC929a4496315414d890,0.0,EOA
0x18B2a61D1a804fba6570fF186F05F5884194571B,0.0,EOA
0xCd2Fb8A5A9A89Bf9166E7d2ba5D5e887E7e8F0E2,92.55742150356633,EOA
0xa14aE8CfCF1D4293B199c3Ab2C7598eFaD1EDF60,0.0,EOA
0xa89fB3fdDa863aaB28A11DB679eAc0c500595B96,691.1596739504404,EOA
0x7759193e712Ec3F7cc51fAc53c84defE6fAAa56A,0.0,EOA
0x822a06B511E03a6A6cfdeb8b10a67020F3A02F59,0.0,EOA
0xFb73040cF9C20611F2c77a68972081EFE995cEb9,0.0,EOA
0x82d1f493FeB2639318045f2C5dDd4B1d0653aa29,0.1,EOA
0x6D7a48dd19d85a3075068c2F57602d28D0a610b9,0.0,EOA
0xF61488D8C97CBd5Ac47EB19034fFcA1C543a6F47,0.0,EOA
0xef3CCEF2239CeE4D61a3B939165f28303708Bce2,167.9272393469707,EOA
0x19145B49fd5e4c345822a4a83Fe5543C5BBB785c,48696.95985854387,EOA
0x508646523D6a345B0814B91A85912F262dd0e3c5,7.443907252362,EOA
0xcc288A17781b9ec380561796e57C32F0d3afe8D8,0.0,EOA
0xd2675C768a1506305c7541FC66c50F320C7C1F35,0.0,EOA
0x3A45468c2B85A969Ab3999f9b286da9bab226709,0.0,EOA
0x3Fd869FBA9566368085672e007aE32e5fcd193f3,0.0,EOA
0x361068e125c960FA87C0ACaE05242e99c361f3f2,0.0,EOA
0x2Ba443D81ed45D6c2646B09Fab4f70003c2dB412,0.0,EOA
0xb1E2Df8dd41D0C192ac7599d15f7AeF45A393b58,0.0,EOA
0x6E7eA33a90719BDEC3886d0EEbBFdcAf88F6893A,0.0,EOA
0xA045409B446Ce06e59EBCC8e9ab54fEdDd2f8122,0.0,EOA
0x36B46Ed93873a9b600908293c5756946a148e179,273.9044576400163,EOA
0xf851c7c2A62751618481c9CB04C01832092563C2,0.0,EOA
0xF5a3dF101E2b8eA6507a72B3779506d9fad63b1e,0.0,EOA
0xb2Db7F03aa0Ec91895A3fe38eC461822A570d234,1507.8756375300318,EOA
0xA6206F039D0A529b1aeC557e9DceF8eD8f629f65,19909.580652850083,EOA
0x44802B30D4C3c20B1741f4B86dD20395216E2e4F,0.0,EOA
0x8BA0D7704dF6a610F4ce9937d31E0Bbc19717311,9.485231422355907,EOA
0xC2e37E92417F8E3Df364cD0aaD32BA905DD9D13E,0.0,EOA
0x1A9bD0D4E67Fcf79156ed6ae1C918A3EEc53BE59,6811.514499437492,EOA
0x0661f7963fA984bDFE53F86FCe7b3172D63BEC13,0.0,EOA
0x32cf4d1df6fb7bB173183CF8b51EF9499c803634,340.6057761497472,EOA
0x4fb7620b70E0fA54bC71d039aEB0aB5dDfFDDdde,0.0,EOA
0x99b00593E9a64Bd070283D9a353F6C62B0783829,0.0,EOA
0xbe4b043FB61633db01B6F748772A0CF32427F7C7,0.0,EOA
0x26709888651122Be04434bFd20d9983a38e46E96,0.0,EOA
0x77c63861E5EfE1E230c9626C6c197ab6ADef5707,0.0,EOA
0xAdffC760EDF4f6146dce89022B5AE7EbB7edD2B9,10989.071467986776,EOA
0x4260614dc21676B1AA75Dbe4a50A3b416C4c0CD6,20500.032558371197,EOA
0x1CA000bEFdF544C46b2eca0fC62a42113fAe6833,0.0,CONTRACT
0x65b7Aa1046dfB5a1e65aa4825A36A37f3DD582b0,53.35767428342977,EOA
0x840859AA5229b6B07436e94ed59f28C43a169dB0,1955.5597412480975,EOA
0x54D700bF56B12315fD0CAfFC231a353f6f54F5f6,0.0,EOA
0x52C45886EFde9001e6CC5A47516312b97E670660,0.0,EOA
0x1f1B1E1a3d061F80D2A4396178e10e228e8bDC08,4.962894568832582,EOA
0xE48dB2Be76D54eC15061849DA023F0f3a0BD99B9,0.0,EOA
0x6476D5C547D2Bd26F827ACB38fAA1a0529bf9E36,0.0,EOA
0x70c9FafeA22ACC41Bda969F8ba2801af42456f51,0.0,EOA
0x75963B63D551Fc3723F3Ca40bc43c45201b35f33,0.0,EOA
0xf2b4409a1eE503448e52da4d44A448f398145772,0.0,EOA
0x0388edC27BCAeed2371EFA64e5384F6E0989277e,0.0,EOA
0x60626dbf9b36E89490c4E0A471466E1802107443,0.0,EOA
0x86D1c6556Dbf88Ce0260d2d3c6A1bF5254c3E3BA,0.0,EOA
0xA782e74D1d36a988552ba0EC7702E460F6d060B4,1095.6811543689619,EOA
0x6d5068610bd55466941c0da4daCcaCc13481d528,0.0,EOA
0xB1Fc682F81b89C09BEAa3f8014C552987625828F,53753.38779490884,EOA
0x34fB5E72A593ec2a3a1fE04eb9A52a3Cc48ACc18,392.0773072044647,EOA
0x95b05F935655c37ADa2088c5767E5006f230B068,0.0,CONTRACT
0x987b332c1fBcd3DA62e89f5Cd5D143F3629d6da6,229.24038853781278,EOA
0x44Ef4e21490D454d2D9e2B5Fc32b74c384d51744,0.0,EOA
0x1eE47b737b5481F84Ce9B35dcE61574Eca6616F1,0.0,EOA
0xFC72A0Df5a9c31086dF6acABAEe01324EbCe59e7,2219.149079867648,EOA
0xca607CAe4bb70a1304f813C3b5B355f484E8AAA0,0.0,EOA
0x5A20542a5Fa1975527aC90786E79feB11f2eB1aA,52.42890111731513,EOA
0x9B089dE40C95f122cffa1dD23cabB57a3CdFB3cC,4.3036421109990295,EOA
0xd098820e3d12907b0B7ca5EB3c376F1c96107688,0.0,EOA
0x977EE6f3C17ECB90Ac5504ad92240D40a33ba129,73.93597994865266,EOA
0x4444A136b1445B1f5e4a20656854adCF6Fa3d667,0.0,EOA
0xA983723Ed60b541DDF896711F271b5bF462c0c23,0.0,EOA
0x052d0e1303e118c846beceDD3d3cbB10999E8FCA,0.0,EOA
0x945F270d9842545180634b2b4521412D4611eB33,0.0,EOA
0xb203F6356Abf9D8BfaeD634Cb2908ecbF3E6Cd5E,0.0,EOA
0x4ddDC98954E398b699a0C2139E52E66a852FE47a,0.0,EOA
0xAf79312EB821871208ac76A80c8E282f8796964e,0.02646082338137013,CONTRACT
0xbA6Ea09Fe569cf1da4e2eC680af139ce9F4Aab0d,145.75865040802842,EOA
0xCDF41359CEE47d17086Fd518E7996743516e5C69,0.0,EOA
0xf362C34F232dA2f0a00225d1d1469213B7fd38C6,0.0,EOA
0xfC8CfFae424f62d6213E32C74464B62DbcF85241,25.924639456634697,EOA
0xf8dda9a12EADbBd4CF98Da27BeBa8c69AF866966,0.0,CONTRACT
0x333939e25FFDD39A3964D72e313319d1679A0664,0.0,EOA
0x7139dE034843a454A53d4d3d1D0776cfd18080Dc,0.0,EOA
0xB1Ecc06C51D2523145465C7C2C29930DD47f5947,0.0,EOA
0xde6d59a1baC947ca7d320859C8354b42d521cc87,0.0,EOA
0x887e8b6119B38C60cb03CAb204C0A704c6E0A473,112.60681230621327,EOA
0x4EbD5667668986422017CaE7eBc98a01C386370f,0.0,EOA
0x0cC5DF7eBf01715F27C947293e3548CaeEdfEf59,160.77176144974845,EOA
0x76a95d549Ca36d955Df2c72F693690d8e51a94d0,0.0,EOA
0x0000000000000000000000000000000000000000,0.0,EOA
0x44215a602dcbF15550CaCC0eAbd17bD38fcf61ac,78.44782241772815,EOA
0x99c366F8F5a9AA58e17B0b91123b37d837776562,589.1130997779576,EOA
0x0260d1d864e9a8864Ae0D0e42245729a1b232ae6,0.0,EOA
0x48c7e0db3DAd3FE4Eb0513b86fe5C38ebB4E0F91,0.0,EOA
0x14cfd6b71163360b2a176ea167c2800b2DEB8296,0.0,EOA
0xCE812fEc53068CA5B9EC3E042Fde0c526CB8bf9f,16.492417530285802,EOA
0x121e34dA1d010B9b75C9d2FEd5848E55cb1A3D73,0.0,EOA
0x892382845FAf38BbF7B618f198BbEdf231900d5C,6114.377882833499,EOA
0x4112132FFe09273f9F000147771D29110dDaC4b7,0.0,EOA
0x5ABa2D6833cD085B8087c2843b69697de3eE04A2,0.0,EOA
0xe116d5F4CcD817e93a4827B4B1166fB3fA61BEC5,0.0,CONTRACT
0xD3181bC4BDeA1aD22A0080c88a1180914F8CeA6e,0.0,EOA
0xcC2b8E2EbEc2b18431ab49329eFe5519D85D4B1F,1650.2069749714747,EOA
0x164F0fcf621037476b7F4Dbbf71d122ee2295295,2123.521653714686,EOA
0xf7Ea84120a82c92CcD7fea97a93BA6313f183DfC,37545.161649928865,EOA
0x13174E157f9E7C7473dE9D5ad46807ae581A0Bf5,0.0,EOA
0xfD00B2be80b8b8fad1Bf411270dc3ba545Ac6952,13.227300195456907,EOA
0xB9937E25310B339B48274671C72b764Dc0aA09b2,10.152736455103618,EOA
0xA6c8E8D347ABDe4c89D4A2FF6fe309e591475C83,0.0,EOA
0x7EaA000f78B75cb37926FEDAf3BAFaF5b26e1240,0.0,EOA
0xB79f071e80704850B68C9ae359a81BfC9907cEef,0.0,EOA
0x9493fe47c427537788ab7479C59732E310F71739,14295.842645509802,EOA
0x64bc4Ab80DC60d1256a8D74Bc02f0504961D5201,0.0,EOA
0x5cF92babaB7187F6221dCC899d838D0474eAa822,0.0,EOA
0x699f324560E9236AfCFCeDbbfb9C4afA8fa9b042,0.0,EOA
0xbEE2D469AACB46251aE33Cca91F482e26c971dFF,16.79439918286708,EOA
0x452eEF5b538e3FEd4fCa31326678a0a51e0E335D,0.0,EOA
0x692786db0dAA1961CB5f04bb8F1c15Be3F0BEC24,0.0,EOA
0xE02Fb5C70aF32F80Aa7F9E8775FE7F12550348ec,136155.3196347032,CONTRACT
0x32144A3F0ED8145Aa42896A811C7a7cEb1717F24,0.0,EOA
0x35fb78bFb4452e7fa0Ef231D2ec5268B463E4f62,0.0,EOA
0x6ed6D8E8FE8705b442f7b545EBcC2c3ccA8858eE,6678.133282940485,EOA
0x9449254Fa5d4828FbB4Af8438f72AB0607eEc80e,0.0,EOA
0x01E94e0AE1c59283BCc2779846423962F2788565,0.0,EOA
0xb6cb536C6695fb75d504593Fe6C04bCb7582E698,0.0,EOA
0x8e3108b540f48758580146107D18004C0c1e84Ec,0.0,EOA
0x7aeAf02BcBd687Cc61358E5b63faCB31B6B6a12C,11321.178253107963,EOA
0xf99C8873B972b4192e789F55AB954188D0d9A133,38643.27635207109,EOA
0x13447DdB379011718Fb48c1fCEb352dE93383333,0.0,EOA
0x2967f7FA05b8220E357bB02B211B34bB0e046F53,77.46232830019137,EOA
0x590Dfd44C247D56f9B7e6C352239e315000be7df,0.0,EOA
0x771eB322E757Bbd8b5f480983975629DcfDc0720,7895.877226570104,EOA
0x7AD361feB5C4B1f3d8B58FfD6922B1c64894aCef,0.0,EOA
0xD0a2Fe011342c2E59A81866aE5Bbd6E13C6C572f,312.3456728544718,EOA
0x704F69B68fE9556da47F1A592e1c83A5ef919013,0.0,EOA
0xc7DBCC064D3284a9320F074617443508B60263CF,162.9394836666265,EOA
0x99F1313A485e50Debc8Bc36274E95CC0efb05531,0.0,CONTRACT
0x0DC74caBcfB00ab5Fdeef60088685A71fef97003,0.0,EOA
0x4D581734b2c4f8Eb6A003AbEefD723203651254f,0.0,EOA
0x8Ac286Ff7a2703Ee4BeD827450EA7a48b3353886,0.0,EOA
0x6046235f20e34EC89415384512B5770d9Db32fBd,0.0,EOA
0x1A19Fe43D4043b14bA64714cc764048Da0e6ED40,0.0,EOA
0xB76e2eBe8f2eB8499E02F7654201b7617a80Bbb4,42.21476819178673,EOA
0xB4E795c95F215c783F5250162d8310A7e8354C3C,0.0,EOA
0xE8bd076660290659E53c5a773B10585D72BFe27A,0.0,EOA
0x3F888f4E16a08C6B3745dDbaDe98e24569852FA4,0.0,EOA
0x7161E23310963fbb22452953D5737cF6b0D85e73,0.0,EOA
0x3e6EdBa22D9cE22a7168406d26598AE20FE08e41,1338.682680661715,EOA
0x106153B853DeDDF4A1C69d4595B31CB64D1f77Cf,0.0,EOA
0xb1a044BB54EcB8fc4d83138795C6eE396dC3133c,35271.41402325561,EOA
0x5FFd5cec88490D984d3f83496592B65C1225871c,0.0,EOA
0x50A852203b68861968786fA057b0716860775b3a,3.350879503311288,EOA
0xD00C76DB20a3AFDD1Bce601252220e515787c4DA,0.0,EOA
0x97c46EeC87a51320c05291286f36689967834854,0.0,EOA
0xCC91a16FdE87D8ab100ef2fD38499d2fBBE9a834,0.0,EOA
0x819530C5be6e3cd9645223Bac1bC13EeaAD691a8,0.0,EOA
0x6340521f1Dd27800f2051cC2F9B21EA24Cfa7152,0.0,EOA
0xc09dc387d49B6550D6879B1847d02238E7950443,0.0,EOA
0x1b35E159a2A9290818c29a97BfA22fAd9B9f729D,0.0,EOA
0x33df6e2A56bc1a3d606E49A68458f8220d59F49b,4.651285753326857,EOA
0xD8de4C018fADB5a0CCcACB3eBd6A3Fe916f224f6,0.0,EOA
0x91942026918fd219c6b62f739c4dAB80DD6673b6,38.91384725879819,EOA
0x2D20bBAC02f7d4404Edf65cd0e5f4Fc50EBa7EBE,2848.654981767113,EOA
0x5B3067C5e26fEC823d6fBf8F315e43632658D2F6,0.0,EOA
0xd9cD125bD1B138FBd3D4Af1FF1241f8a30D4549e,0.0,EOA
0xFa59DB79C137F0261F8Bc4e1463ceE49CEdfE828,0.0,EOA
0xc25E2537c404170651D620f0BC53C369Dfa552B8,17801.25158327929,EOA
0x5Fc3bc10E7Fd602509AAb86d9E89ac7a32783833,0.0,EOA
0x0094B795395efd8b9067Ccd29f8a66DEcc6A9548,0.0,EOA
0xE073182d644ebb5290cfa6915ba94312Fc73A679,0.0,EOA
0xa79Dd2f4dE53967c4d5dd13B0C1873854f4BdFf5,0.0,EOA
0xAFf055a856a614DA45aA40C24315a4B3924Fc4A7,367.7670286114376,EOA
0x7888ed5c6f056BC01D5475B0ef8a6e6D8eB32959,0.0,EOA
0x0A45b12B197e76A659542086deAD7Bf5E6e5A096,0.0,EOA
0x83Eb2dA0b860059d222B33e088c66BAD05A9c81b,0.0,EOA
0xE920D91c2921DCc55EC535bc2813985EEe5F4aC5,847.6582262285672,EOA
